Source,Target,coll,weight,cor
ASV654,ASV5,-0.942857143,0.942857143,-1
ASV61,ASV5,-0.912159324,0.912159324,-1
ASV65,ASV5,-0.81167945,0.81167945,-1
ASV514,ASV5,-1,1,-1
ASV9000,ASV5,-0.941123948,0.941123948,-1
ASV2482,ASV5,-0.971008312,0.971008312,-1
ASV9001,ASV5,-0.941123948,0.941123948,-1
ASV587,ASV5,-0.942857143,0.942857143,-1
ASV513,ASV5,-0.828571429,0.828571429,-1
ASV713,ASV5,-0.828571429,0.828571429,-1
ASV75,ASV5,-0.8196886,0.8196886,-1
ASV2450,ASV5,-0.941123948,0.941123948,-1
ASV9002,ASV5,-0.845154255,0.845154255,-1
ASV2481,ASV5,-0.942857143,0.942857143,-1
ASV2445,ASV5,-0.845154255,0.845154255,-1
ASV8491,ASV5,0.8196886,0.8196886,1
ASV9004,ASV5,-0.941123948,0.941123948,-1
ASV82,ASV5,-0.880406274,0.880406274,-1
ASV104,ASV1,-0.885714286,0.885714286,-1
ASV482,ASV1,-0.885714286,0.885714286,-1
ASV7,ASV1,0.828571429,0.828571429,1
ASV16,ASV1,-0.845154255,0.845154255,-1
ASV491,ASV1,-0.885714286,0.885714286,-1
ASV179,ASV1,-0.828571429,0.828571429,-1
ASV1525,ASV1,-0.885714286,0.885714286,-1
ASV53,ASV1,-0.880406274,0.880406274,-1
ASV8,ASV1,-0.81167945,0.81167945,-1
ASV83,ASV1,-0.828571429,0.828571429,-1
ASV486,ASV1,-0.942857143,0.942857143,-1
ASV2479,ASV1,-0.885714286,0.885714286,-1
ASV5093,ASV1,-0.942857143,0.942857143,-1
ASV21,ASV1,0.942857143,0.942857143,1
ASV310,ASV104,0.942857143,0.942857143,1
ASV482,ASV104,1,1,1
ASV11,ASV104,-0.885714286,0.885714286,-1
ASV476,ASV104,0.942857143,0.942857143,1
ASV7,ASV104,-0.828571429,0.828571429,-1
ASV22,ASV104,-0.828571429,0.828571429,-1
ASV491,ASV104,1,1,1
ASV179,ASV104,0.885714286,0.885714286,1
ASV1525,ASV104,1,1,1
ASV557,ASV104,0.942857143,0.942857143,1
ASV26,ASV104,-0.885714286,0.885714286,-1
ASV53,ASV104,0.941123948,0.941123948,1
ASV83,ASV104,0.885714286,0.885714286,1
ASV486,ASV104,0.942857143,0.942857143,1
ASV2479,ASV104,1,1,1
ASV21,ASV104,-0.942857143,0.942857143,-1
ASV649,ASV104,0.942857143,0.942857143,1
ASV1217,ASV104,0.828571429,0.828571429,1
ASV7477,ASV104,0.927633657,0.927633657,1
ASV50,ASV33,0.828571429,0.828571429,1
ASV42,ASV33,0.942857143,0.942857143,1
ASV1570,ASV33,0.942857143,0.942857143,1
ASV1583,ASV33,0.828571429,0.828571429,1
ASV598,ASV33,0.880406274,0.880406274,1
ASV30,ASV310,0.828571429,0.828571429,1
ASV482,ASV310,0.942857143,0.942857143,1
ASV11,ASV310,-0.828571429,0.828571429,-1
ASV476,ASV310,0.885714286,0.885714286,1
ASV22,ASV310,-0.942857143,0.942857143,-1
ASV491,ASV310,0.942857143,0.942857143,1
ASV1525,ASV310,0.942857143,0.942857143,1
ASV17,ASV310,-0.828571429,0.828571429,-1
ASV557,ASV310,0.885714286,0.885714286,1
ASV26,ASV310,-0.942857143,0.942857143,-1
ASV53,ASV310,0.8196886,0.8196886,1
ASV486,ASV310,0.828571429,0.828571429,1
ASV2479,ASV310,0.942857143,0.942857143,1
ASV21,ASV310,-0.828571429,0.828571429,-1
ASV649,ASV310,0.885714286,0.885714286,1
ASV1217,ASV310,0.942857143,0.942857143,1
ASV2623,ASV310,0.880406274,0.880406274,1
ASV7477,ASV310,0.985610761,0.985610761,1
ASV134,ASV310,0.898645105,0.898645105,1
ASV22,ASV30,-0.942857143,0.942857143,-1
ASV23,ASV30,0.828571429,0.828571429,1
ASV1217,ASV30,0.942857143,0.942857143,1
ASV2623,ASV30,0.880406274,0.880406274,1
ASV7477,ASV30,0.81167945,0.81167945,1
ASV8512,ASV30,0.941123948,0.941123948,1
ASV1524,ASV477,0.845154255,0.845154255,1
ASV123,ASV477,0.885714286,0.885714286,1
ASV498,ASV477,0.942857143,0.942857143,1
ASV8,ASV477,0.81167945,0.81167945,1
ASV487,ASV477,0.828571429,0.828571429,1
ASV67,ASV477,0.845154255,0.845154255,1
ASV11,ASV482,-0.885714286,0.885714286,-1
ASV476,ASV482,0.942857143,0.942857143,1
ASV7,ASV482,-0.828571429,0.828571429,-1
ASV22,ASV482,-0.828571429,0.828571429,-1
ASV491,ASV482,1,1,1
ASV179,ASV482,0.885714286,0.885714286,1
ASV1525,ASV482,1,1,1
ASV557,ASV482,0.942857143,0.942857143,1
ASV26,ASV482,-0.885714286,0.885714286,-1
ASV53,ASV482,0.941123948,0.941123948,1
ASV83,ASV482,0.885714286,0.885714286,1
ASV486,ASV482,0.942857143,0.942857143,1
ASV2479,ASV482,1,1,1
ASV21,ASV482,-0.942857143,0.942857143,-1
ASV649,ASV482,0.942857143,0.942857143,1
ASV1217,ASV482,0.828571429,0.828571429,1
ASV7477,ASV482,0.927633657,0.927633657,1
ASV476,ASV11,-0.942857143,0.942857143,-1
ASV491,ASV11,-0.885714286,0.885714286,-1
ASV179,ASV11,-0.828571429,0.828571429,-1
ASV1525,ASV11,-0.885714286,0.885714286,-1
ASV498,ASV11,-0.828571429,0.828571429,-1
ASV557,ASV11,-0.942857143,0.942857143,-1
ASV26,ASV11,0.885714286,0.885714286,1
ASV53,ASV11,-0.880406274,0.880406274,-1
ASV83,ASV11,-0.828571429,0.828571429,-1
ASV2479,ASV11,-0.885714286,0.885714286,-1
ASV1209,ASV11,0.845154255,0.845154255,1
ASV321,ASV11,-0.828571429,0.828571429,-1
ASV649,ASV11,-0.942857143,0.942857143,-1
ASV7477,ASV11,-0.869656553,0.869656553,-1
ASV7887,ASV11,-0.845154255,0.845154255,-1
ASV18,ASV12,0.828571429,0.828571429,1
ASV1530,ASV12,0.985610761,0.985610761,1
ASV8488,ASV12,0.845154255,0.845154255,1
ASV9,ASV3,0.885714286,0.885714286,1
ASV4,ASV3,0.828571429,0.828571429,1
ASV72,ASV3,0.885714286,0.885714286,1
ASV28,ASV3,1,1,1
ASV518,ASV3,0.828571429,0.828571429,1
ASV1195,ASV3,0.880406274,0.880406274,1
ASV70,ASV3,0.885714286,0.885714286,1
ASV631,ASV3,0.81167945,0.81167945,1
ASV993,ASV3,0.81167945,0.81167945,1
ASV42,ASV45,-0.828571429,0.828571429,-1
ASV31,ASV45,-0.942857143,0.942857143,-1
ASV501,ASV45,-0.942857143,0.942857143,-1
ASV598,ASV45,-0.941123948,0.941123948,-1
ASV498,ASV1524,0.845154255,0.845154255,1
ASV494,ASV1524,0.845154255,0.845154255,1
ASV8,ASV1524,0.857492926,0.857492926,1
ASV13,ASV1524,0.857492926,0.857492926,1
ASV1172,ASV1524,0.826184389,0.826184389,1
ASV2499,ASV1524,0.92,0.92,1
ASV6475,ASV1524,0.826184389,0.826184389,1
ASV67,ASV1524,1,1,1
ASV22,ASV50,-0.828571429,0.828571429,-1
ASV23,ASV50,0.828571429,0.828571429,1
ASV1778,ASV50,0.81167945,0.81167945,1
ASV1217,ASV50,0.828571429,0.828571429,1
ASV2623,ASV50,0.941123948,0.941123948,1
ASV7477,ASV50,0.840668002,0.840668002,1
ASV8512,ASV50,0.880406274,0.880406274,1
ASV417,ASV50,-0.880406274,0.880406274,-1
ASV4,ASV123,0.885714286,0.885714286,1
ASV550,ASV123,0.828571429,0.828571429,1
ASV10,ASV123,0.898645105,0.898645105,1
ASV2499,ASV123,0.845154255,0.845154255,1
ASV6475,ASV123,0.941123948,0.941123948,1
ASV7,ASV9,0.885714286,0.885714286,1
ASV15,ASV9,0.885714286,0.885714286,1
ASV17,ASV9,0.942857143,0.942857143,1
ASV72,ASV9,0.828571429,0.828571429,1
ASV28,ASV9,0.885714286,0.885714286,1
ASV518,ASV9,0.885714286,0.885714286,1
ASV70,ASV9,0.828571429,0.828571429,1
ASV631,ASV9,0.927633657,0.927633657,1
ASV993,ASV9,0.927633657,0.927633657,1
ASV549,ASV9,0.81167945,0.81167945,1
ASV134,ASV9,-0.81167945,0.81167945,-1
ASV491,ASV476,0.942857143,0.942857143,1
ASV1525,ASV476,0.942857143,0.942857143,1
ASV557,ASV476,1,1,1
ASV26,ASV476,-0.942857143,0.942857143,-1
ASV53,ASV476,0.880406274,0.880406274,1
ASV486,ASV476,0.828571429,0.828571429,1
ASV2479,ASV476,0.942857143,0.942857143,1
ASV21,ASV476,-0.828571429,0.828571429,-1
ASV649,ASV476,0.885714286,0.885714286,1
ASV7477,ASV476,0.869656553,0.869656553,1
ASV7887,ASV476,0.845154255,0.845154255,1
ASV491,ASV7,-0.828571429,0.828571429,-1
ASV15,ASV7,0.828571429,0.828571429,1
ASV1525,ASV7,-0.828571429,0.828571429,-1
ASV17,ASV7,0.942857143,0.942857143,1
ASV53,ASV7,-0.8196886,0.8196886,-1
ASV36,ASV7,0.828571429,0.828571429,1
ASV518,ASV7,0.828571429,0.828571429,1
ASV35,ASV7,0.942857143,0.942857143,1
ASV2479,ASV7,-0.828571429,0.828571429,-1
ASV631,ASV7,0.898645105,0.898645105,1
ASV75,ASV7,0.880406274,0.880406274,1
ASV993,ASV7,0.898645105,0.898645105,1
ASV549,ASV7,0.840668002,0.840668002,1
ASV16,ASV478,-0.845154255,0.845154255,-1
ASV179,ASV478,-0.828571429,0.828571429,-1
ASV14,ASV478,0.885714286,0.885714286,1
ASV31,ASV478,-0.885714286,0.885714286,-1
ASV83,ASV478,-0.828571429,0.828571429,-1
ASV545,ASV478,0.942857143,0.942857143,1
ASV487,ASV478,-0.942857143,0.942857143,-1
ASV491,ASV22,-0.828571429,0.828571429,-1
ASV1525,ASV22,-0.828571429,0.828571429,-1
ASV23,ASV22,-0.885714286,0.885714286,-1
ASV26,ASV22,0.828571429,0.828571429,1
ASV2479,ASV22,-0.828571429,0.828571429,-1
ASV1217,ASV22,-1,1,-1
ASV2623,ASV22,-0.941123948,0.941123948,-1
ASV7477,ASV22,-0.927633657,0.927633657,-1
ASV8512,ASV22,-0.880406274,0.880406274,-1
ASV134,ASV22,-0.840668002,0.840668002,-1
ASV179,ASV16,0.845154255,0.845154255,1
ASV83,ASV16,0.845154255,0.845154255,1
ASV81,ASV16,0.845154255,0.845154255,1
ASV486,ASV16,0.845154255,0.845154255,1
ASV545,ASV16,-0.845154255,0.845154255,-1
ASV536,ASV16,0.845154255,0.845154255,1
ASV5093,ASV16,0.845154255,0.845154255,1
ASV1530,ASV16,-0.823193209,0.823193209,-1
ASV21,ASV16,-0.845154255,0.845154255,-1
ASV179,ASV491,0.885714286,0.885714286,1
ASV1525,ASV491,1,1,1
ASV557,ASV491,0.942857143,0.942857143,1
ASV26,ASV491,-0.885714286,0.885714286,-1
ASV53,ASV491,0.941123948,0.941123948,1
ASV83,ASV491,0.885714286,0.885714286,1
ASV486,ASV491,0.942857143,0.942857143,1
ASV2479,ASV491,1,1,1
ASV21,ASV491,-0.942857143,0.942857143,-1
ASV649,ASV491,0.942857143,0.942857143,1
ASV1217,ASV491,0.828571429,0.828571429,1
ASV7477,ASV491,0.927633657,0.927633657,1
ASV1525,ASV179,0.885714286,0.885714286,1
ASV498,ASV179,0.828571429,0.828571429,1
ASV23,ASV179,0.828571429,0.828571429,1
ASV53,ASV179,0.880406274,0.880406274,1
ASV83,ASV179,1,1,1
ASV486,ASV179,0.942857143,0.942857143,1
ASV536,ASV179,0.942857143,0.942857143,1
ASV2479,ASV179,0.885714286,0.885714286,1
ASV1209,ASV179,-0.845154255,0.845154255,-1
ASV21,ASV179,-0.942857143,0.942857143,-1
ASV649,ASV179,0.942857143,0.942857143,1
ASV7477,ASV179,0.81167945,0.81167945,1
ASV1570,ASV42,0.885714286,0.885714286,1
ASV695,ASV42,-0.869656553,0.869656553,-1
ASV598,ASV42,0.941123948,0.941123948,1
ASV17,ASV15,0.942857143,0.942857143,1
ASV20,ASV15,0.942857143,0.942857143,1
ASV36,ASV15,0.828571429,0.828571429,1
ASV29,ASV15,0.898645105,0.898645105,1
ASV533,ASV15,-0.840668002,0.840668002,-1
ASV1527,ASV15,0.845154255,0.845154255,1
ASV134,ASV15,-0.927633657,0.927633657,-1
ASV31,ASV14,-0.828571429,0.828571429,-1
ASV487,ASV14,-0.942857143,0.942857143,-1
ASV557,ASV1525,0.942857143,0.942857143,1
ASV26,ASV1525,-0.885714286,0.885714286,-1
ASV53,ASV1525,0.941123948,0.941123948,1
ASV83,ASV1525,0.885714286,0.885714286,1
ASV486,ASV1525,0.942857143,0.942857143,1
ASV2479,ASV1525,1,1,1
ASV21,ASV1525,-0.942857143,0.942857143,-1
ASV649,ASV1525,0.942857143,0.942857143,1
ASV1217,ASV1525,0.828571429,0.828571429,1
ASV7477,ASV1525,0.927633657,0.927633657,1
ASV6,ASV4,0.885714286,0.885714286,1
ASV72,ASV4,0.885714286,0.885714286,1
ASV28,ASV4,0.828571429,0.828571429,1
ASV550,ASV4,0.885714286,0.885714286,1
ASV10,ASV4,0.927633657,0.927633657,1
ASV1195,ASV4,0.880406274,0.880406274,1
ASV70,ASV4,0.885714286,0.885714286,1
ASV6475,ASV4,0.880406274,0.880406274,1
ASV20,ASV17,0.828571429,0.828571429,1
ASV35,ASV17,0.828571429,0.828571429,1
ASV29,ASV17,0.840668002,0.840668002,1
ASV631,ASV17,0.840668002,0.840668002,1
ASV993,ASV17,0.840668002,0.840668002,1
ASV134,ASV17,-0.927633657,0.927633657,-1
ASV72,ASV6,0.885714286,0.885714286,1
ASV18,ASV6,0.942857143,0.942857143,1
ASV550,ASV6,0.828571429,0.828571429,1
ASV10,ASV6,0.81167945,0.81167945,1
ASV1530,ASV6,0.840668002,0.840668002,1
ASV70,ASV6,0.885714286,0.885714286,1
ASV8,ASV498,0.81167945,0.81167945,1
ASV83,ASV498,0.828571429,0.828571429,1
ASV1209,ASV498,-0.845154255,0.845154255,-1
ASV67,ASV498,0.845154255,0.845154255,1
ASV83,ASV23,0.828571429,0.828571429,1
ASV536,ASV23,0.942857143,0.942857143,1
ASV1209,ASV23,-0.845154255,0.845154255,-1
ASV1217,ASV23,0.885714286,0.885714286,1
ASV2623,ASV23,0.8196886,0.8196886,1
ASV7477,ASV23,0.81167945,0.81167945,1
ASV2582,ASV23,0.828571429,0.828571429,1
ASV36,ASV20,0.942857143,0.942857143,1
ASV38,ASV20,0.828571429,0.828571429,1
ASV35,ASV20,0.828571429,0.828571429,1
ASV29,ASV20,0.840668002,0.840668002,1
ASV1570,ASV20,-0.828571429,0.828571429,-1
ASV533,ASV20,-0.927633657,0.927633657,-1
ASV507,ASV20,0.880406274,0.880406274,1
ASV26,ASV557,-0.942857143,0.942857143,-1
ASV53,ASV557,0.880406274,0.880406274,1
ASV486,ASV557,0.828571429,0.828571429,1
ASV2479,ASV557,0.942857143,0.942857143,1
ASV21,ASV557,-0.828571429,0.828571429,-1
ASV649,ASV557,0.885714286,0.885714286,1
ASV7477,ASV557,0.869656553,0.869656553,1
ASV7887,ASV557,0.845154255,0.845154255,1
ASV32,ASV94,-0.840668002,0.840668002,-1
ASV545,ASV94,-0.81167945,0.81167945,-1
ASV509,ASV94,0.857492926,0.857492926,1
ASV28,ASV72,0.885714286,0.885714286,1
ASV550,ASV72,0.828571429,0.828571429,1
ASV10,ASV72,0.81167945,0.81167945,1
ASV25,ASV72,0.828571429,0.828571429,1
ASV1195,ASV72,0.941123948,0.941123948,1
ASV70,ASV72,1,1,1
ASV25,ASV27,0.828571429,0.828571429,1
ASV13,ASV27,0.927633657,0.927633657,1
ASV528,ASV27,0.985610761,0.985610761,1
ASV1527,ASV27,0.845154255,0.845154255,1
ASV8512,ASV27,-0.8196886,0.8196886,-1
ASV9003,ASV27,-0.941123948,0.941123948,-1
ASV695,ASV494,0.81167945,0.81167945,1
ASV814,ASV494,0.885714286,0.885714286,1
ASV1172,ASV494,0.880406274,0.880406274,1
ASV509,ASV494,-0.845154255,0.845154255,-1
ASV67,ASV494,0.845154255,0.845154255,1
ASV2479,ASV26,-0.885714286,0.885714286,-1
ASV649,ASV26,-0.828571429,0.828571429,-1
ASV1217,ASV26,-0.828571429,0.828571429,-1
ASV7477,ASV26,-0.927633657,0.927633657,-1
ASV7887,ASV26,-0.845154255,0.845154255,-1
ASV134,ASV26,-0.840668002,0.840668002,-1
ASV34,ASV32,0.942857143,0.942857143,1
ASV31,ASV32,-0.828571429,0.828571429,-1
ASV73,ASV32,0.828571429,0.828571429,1
ASV814,ASV32,0.828571429,0.828571429,1
ASV8488,ASV32,0.845154255,0.845154255,1
ASV518,ASV28,0.828571429,0.828571429,1
ASV1195,ASV28,0.880406274,0.880406274,1
ASV70,ASV28,0.885714286,0.885714286,1
ASV631,ASV28,0.81167945,0.81167945,1
ASV993,ASV28,0.81167945,0.81167945,1
ASV38,ASV2,0.942857143,0.942857143,1
ASV8143,ASV2,0.942857143,0.942857143,1
ASV8144,ASV2,0.885714286,0.885714286,1
ASV539,ASV2,0.885714286,0.885714286,1
ASV1350,ASV2,0.985610761,0.985610761,1
ASV544,ASV2,0.885714286,0.885714286,1
ASV34,ASV18,0.828571429,0.828571429,1
ASV1530,ASV18,0.898645105,0.898645105,1
ASV8488,ASV18,0.845154255,0.845154255,1
ASV73,ASV34,0.885714286,0.885714286,1
ASV814,ASV34,0.942857143,0.942857143,1
ASV1172,ASV34,0.880406274,0.880406274,1
ASV8488,ASV34,0.845154255,0.845154255,1
ASV83,ASV53,0.880406274,0.880406274,1
ASV486,ASV53,0.880406274,0.880406274,1
ASV35,ASV53,-0.8196886,0.8196886,-1
ASV2479,ASV53,0.941123948,0.941123948,1
ASV5093,ASV53,0.880406274,0.880406274,1
ASV21,ASV53,-0.880406274,0.880406274,-1
ASV321,ASV53,0.880406274,0.880406274,1
ASV649,ASV53,0.941123948,0.941123948,1
ASV7477,ASV53,0.83165549,0.83165549,1
ASV7887,ASV53,0.826184389,0.826184389,1
ASV35,ASV36,0.942857143,0.942857143,1
ASV46,ASV36,0.828571429,0.828571429,1
ASV8144,ASV36,0.828571429,0.828571429,1
ASV539,ASV36,0.828571429,0.828571429,1
ASV533,ASV36,-0.927633657,0.927633657,-1
ASV65,ASV36,0.81167945,0.81167945,1
ASV507,ASV36,0.941123948,0.941123948,1
ASV75,ASV36,0.880406274,0.880406274,1
ASV544,ASV36,0.828571429,0.828571429,1
ASV549,ASV36,0.840668002,0.840668002,1
ASV10,ASV550,0.985610761,0.985610761,1
ASV13,ASV550,0.840668002,0.840668002,1
ASV70,ASV550,0.828571429,0.828571429,1
ASV814,ASV550,0.828571429,0.828571429,1
ASV1172,ASV550,0.8196886,0.8196886,1
ASV2499,ASV550,0.845154255,0.845154255,1
ASV6475,ASV550,0.941123948,0.941123948,1
ASV5093,ASV8,0.81167945,0.81167945,1
ASV9002,ASV8,-0.823193209,0.823193209,-1
ASV2445,ASV8,-0.823193209,0.823193209,-1
ASV67,ASV8,0.857492926,0.857492926,1
ASV501,ASV31,0.885714286,0.885714286,1
ASV598,ASV31,0.8196886,0.8196886,1
ASV484,ASV1776,1,1,1
ASV492,ASV1776,1,1,1
ASV486,ASV83,0.942857143,0.942857143,1
ASV536,ASV83,0.942857143,0.942857143,1
ASV2479,ASV83,0.885714286,0.885714286,1
ASV1209,ASV83,-0.845154255,0.845154255,-1
ASV21,ASV83,-0.942857143,0.942857143,-1
ASV649,ASV83,0.942857143,0.942857143,1
ASV7477,ASV83,0.81167945,0.81167945,1
ASV8143,ASV38,0.885714286,0.885714286,1
ASV39,ASV38,0.885714286,0.885714286,1
ASV8144,ASV38,0.942857143,0.942857143,1
ASV539,ASV38,0.942857143,0.942857143,1
ASV65,ASV38,0.840668002,0.840668002,1
ASV1350,ASV38,0.927633657,0.927633657,1
ASV507,ASV38,0.880406274,0.880406274,1
ASV513,ASV38,0.828571429,0.828571429,1
ASV713,ASV38,0.828571429,0.828571429,1
ASV544,ASV38,0.942857143,0.942857143,1
ASV549,ASV38,0.81167945,0.81167945,1
ASV8491,ASV38,-0.880406274,0.880406274,-1
ASV486,ASV81,0.828571429,0.828571429,1
ASV536,ASV81,0.828571429,0.828571429,1
ASV21,ASV81,-0.828571429,0.828571429,-1
ASV70,ASV10,0.81167945,0.81167945,1
ASV1172,ASV10,0.83165549,0.83165549,1
ASV2499,ASV10,0.857492926,0.857492926,1
ASV6475,ASV10,0.954863711,0.954863711,1
ASV536,ASV486,0.885714286,0.885714286,1
ASV2479,ASV486,0.942857143,0.942857143,1
ASV5093,ASV486,0.828571429,0.828571429,1
ASV21,ASV486,-1,1,-1
ASV649,ASV486,0.885714286,0.885714286,1
ASV7477,ASV486,0.81167945,0.81167945,1
ASV654,ASV518,0.885714286,0.885714286,1
ASV61,ASV518,0.853310335,0.853310335,1
ASV8144,ASV518,0.828571429,0.828571429,1
ASV539,ASV518,0.828571429,0.828571429,1
ASV535,ASV518,0.885714286,0.885714286,1
ASV587,ASV518,0.885714286,0.885714286,1
ASV631,ASV518,0.985610761,0.985610761,1
ASV513,ASV518,0.942857143,0.942857143,1
ASV713,ASV518,0.942857143,0.942857143,1
ASV75,ASV518,0.880406274,0.880406274,1
ASV993,ASV518,0.985610761,0.985610761,1
ASV544,ASV518,0.828571429,0.828571429,1
ASV549,ASV518,0.927633657,0.927633657,1
ASV2481,ASV518,0.885714286,0.885714286,1
ASV8491,ASV518,-0.880406274,0.880406274,-1
ASV536,ASV545,-0.828571429,0.828571429,-1
ASV487,ASV545,-0.885714286,0.885714286,-1
ASV5093,ASV35,-0.828571429,0.828571429,-1
ASV533,ASV35,-0.840668002,0.840668002,-1
ASV507,ASV35,0.880406274,0.880406274,1
ASV631,ASV35,0.840668002,0.840668002,1
ASV513,ASV35,0.828571429,0.828571429,1
ASV713,ASV35,0.828571429,0.828571429,1
ASV75,ASV35,0.941123948,0.941123948,1
ASV993,ASV35,0.840668002,0.840668002,1
ASV549,ASV35,0.898645105,0.898645105,1
ASV9002,ASV35,0.845154255,0.845154255,1
ASV2445,ASV35,0.845154255,0.845154255,1
ASV1209,ASV536,-0.845154255,0.845154255,-1
ASV21,ASV536,-0.885714286,0.885714286,-1
ASV649,ASV536,0.828571429,0.828571429,1
ASV1195,ASV25,0.941123948,0.941123948,1
ASV70,ASV25,0.828571429,0.828571429,1
ASV528,ASV25,0.81167945,0.81167945,1
ASV9003,ASV25,-0.941123948,0.941123948,-1
ASV21,ASV2479,-0.942857143,0.942857143,-1
ASV649,ASV2479,0.942857143,0.942857143,1
ASV1217,ASV2479,0.828571429,0.828571429,1
ASV7477,ASV2479,0.927633657,0.927633657,1
ASV61,ASV654,0.912159324,0.912159324,1
ASV46,ASV654,0.885714286,0.885714286,1
ASV8144,ASV654,0.885714286,0.885714286,1
ASV539,ASV654,0.885714286,0.885714286,1
ASV65,ASV654,0.927633657,0.927633657,1
ASV514,ASV654,0.942857143,0.942857143,1
ASV535,ASV654,0.828571429,0.828571429,1
ASV9000,ASV654,0.8196886,0.8196886,1
ASV2482,ASV654,0.971008312,0.971008312,1
ASV9001,ASV654,0.8196886,0.8196886,1
ASV507,ASV654,0.880406274,0.880406274,1
ASV587,ASV654,1,1,1
ASV631,ASV654,0.840668002,0.840668002,1
ASV513,ASV654,0.942857143,0.942857143,1
ASV713,ASV654,0.942857143,0.942857143,1
ASV75,ASV654,0.941123948,0.941123948,1
ASV993,ASV654,0.840668002,0.840668002,1
ASV544,ASV654,0.885714286,0.885714286,1
ASV524,ASV654,0.81167945,0.81167945,1
ASV549,ASV654,0.898645105,0.898645105,1
ASV2450,ASV654,0.8196886,0.8196886,1
ASV9002,ASV654,0.845154255,0.845154255,1
ASV2481,ASV654,1,1,1
ASV2445,ASV654,0.845154255,0.845154255,1
ASV8491,ASV654,-0.941123948,0.941123948,-1
ASV9004,ASV654,0.8196886,0.8196886,1
ASV175,ASV102,1,1,1
ASV1778,ASV102,0.985610761,0.985610761,1
ASV1583,ASV102,0.828571429,0.828571429,1
ASV1779,ASV102,0.845154255,0.845154255,1
ASV8512,ASV102,0.880406274,0.880406274,1
ASV58,ASV102,-0.845154255,0.845154255,-1
ASV417,ASV102,-0.941123948,0.941123948,-1
ASV514,ASV61,0.912159324,0.912159324,1
ASV9000,ASV61,0.844162289,0.844162289,1
ASV2482,ASV61,0.939393939,0.939393939,1
ASV9001,ASV61,0.844162289,0.844162289,1
ASV587,ASV61,0.912159324,0.912159324,1
ASV75,ASV61,0.844162289,0.844162289,1
ASV2450,ASV61,0.844162289,0.844162289,1
ASV2481,ASV61,0.912159324,0.912159324,1
ASV8491,ASV61,-0.875427559,0.875427559,-1
ASV9004,ASV61,0.844162289,0.844162289,1
ASV82,ASV61,0.906692829,0.906692829,1
ASV4327,ASV8999,1,1,1
ASV8144,ASV8143,0.942857143,0.942857143,1
ASV539,ASV8143,0.942857143,0.942857143,1
ASV1350,ASV8143,0.927633657,0.927633657,1
ASV507,ASV8143,0.8196886,0.8196886,1
ASV513,ASV8143,0.828571429,0.828571429,1
ASV713,ASV8143,0.828571429,0.828571429,1
ASV544,ASV8143,0.942857143,0.942857143,1
ASV2582,ASV8143,0.828571429,0.828571429,1
ASV549,ASV8143,0.81167945,0.81167945,1
ASV21,ASV5093,-0.828571429,0.828571429,-1
ASV9002,ASV5093,-0.845154255,0.845154255,-1
ASV2445,ASV5093,-0.845154255,0.845154255,-1
ASV528,ASV13,0.897058824,0.897058824,1
ASV6475,ASV13,0.8932596,0.8932596,1
ASV9003,ASV13,-0.924061655,0.924061655,-1
ASV67,ASV13,0.857492926,0.857492926,1
ASV649,ASV1209,-0.845154255,0.845154255,-1
ASV7477,ASV1209,-0.823193209,0.823193209,-1
ASV2582,ASV1209,-0.845154255,0.845154255,-1
ASV46,ASV29,0.81167945,0.81167945,1
ASV39,ASV29,0.898645105,0.898645105,1
ASV533,ASV29,-0.882352941,0.882352941,-1
ASV1527,ASV29,0.857492926,0.857492926,1
ASV8491,ASV29,-0.83165549,0.83165549,-1
ASV1570,ASV490,0.828571429,0.828571429,1
ASV1583,ASV490,0.828571429,0.828571429,1
ASV58,ASV490,-0.845154255,0.845154255,-1
ASV8144,ASV46,0.828571429,0.828571429,1
ASV539,ASV46,0.828571429,0.828571429,1
ASV533,ASV46,-0.927633657,0.927633657,-1
ASV65,ASV46,0.985610761,0.985610761,1
ASV2482,ASV46,0.88273483,0.88273483,1
ASV507,ASV46,0.941123948,0.941123948,1
ASV587,ASV46,0.885714286,0.885714286,1
ASV75,ASV46,0.880406274,0.880406274,1
ASV544,ASV46,0.828571429,0.828571429,1
ASV524,ASV46,0.927633657,0.927633657,1
ASV2481,ASV46,0.885714286,0.885714286,1
ASV8491,ASV46,-0.880406274,0.880406274,-1
ASV70,ASV1195,0.941123948,0.941123948,1
ASV9003,ASV1195,-0.870967742,0.870967742,-1
ASV65,ASV39,0.81167945,0.81167945,1
ASV1527,ASV39,0.845154255,0.845154255,1
ASV8491,ASV39,-0.941123948,0.941123948,-1
ASV598,ASV501,0.880406274,0.880406274,1
ASV509,ASV501,0.845154255,0.845154255,1
ASV8488,ASV1530,0.857492926,0.857492926,1
ASV509,ASV73,-0.845154255,0.845154255,-1
ASV1779,ASV73,0.845154255,0.845154255,1
ASV649,ASV21,-0.885714286,0.885714286,-1
ASV7477,ASV21,-0.81167945,0.81167945,-1
ASV1778,ASV175,0.985610761,0.985610761,1
ASV1583,ASV175,0.828571429,0.828571429,1
ASV1779,ASV175,0.845154255,0.845154255,1
ASV8512,ASV175,0.880406274,0.880406274,1
ASV58,ASV175,-0.845154255,0.845154255,-1
ASV417,ASV175,-0.941123948,0.941123948,-1
ASV539,ASV8144,1,1,1
ASV65,ASV8144,0.898645105,0.898645105,1
ASV535,ASV8144,0.828571429,0.828571429,1
ASV1350,ASV8144,0.869656553,0.869656553,1
ASV507,ASV8144,0.941123948,0.941123948,1
ASV587,ASV8144,0.885714286,0.885714286,1
ASV631,ASV8144,0.81167945,0.81167945,1
ASV513,ASV8144,0.942857143,0.942857143,1
ASV713,ASV8144,0.942857143,0.942857143,1
ASV75,ASV8144,0.880406274,0.880406274,1
ASV993,ASV8144,0.81167945,0.81167945,1
ASV544,ASV8144,1,1,1
ASV549,ASV8144,0.927633657,0.927633657,1
ASV2481,ASV8144,0.885714286,0.885714286,1
ASV8491,ASV8144,-0.880406274,0.880406274,-1
ASV7887,ASV321,0.845154255,0.845154255,1
ASV1583,ASV1778,0.81167945,0.81167945,1
ASV1779,ASV1778,0.857492926,0.857492926,1
ASV8512,ASV1778,0.8932596,0.8932596,1
ASV58,ASV1778,-0.823193209,0.823193209,-1
ASV417,ASV1778,-0.924061655,0.924061655,-1
ASV1583,ASV1570,0.885714286,0.885714286,1
ASV598,ASV1570,0.880406274,0.880406274,1
ASV58,ASV1570,-0.845154255,0.845154255,-1
ASV417,ASV1570,-0.8196886,0.8196886,-1
ASV7477,ASV649,0.927633657,0.927633657,1
ASV65,ASV539,0.898645105,0.898645105,1
ASV535,ASV539,0.828571429,0.828571429,1
ASV1350,ASV539,0.869656553,0.869656553,1
ASV507,ASV539,0.941123948,0.941123948,1
ASV587,ASV539,0.885714286,0.885714286,1
ASV631,ASV539,0.81167945,0.81167945,1
ASV513,ASV539,0.942857143,0.942857143,1
ASV713,ASV539,0.942857143,0.942857143,1
ASV75,ASV539,0.880406274,0.880406274,1
ASV993,ASV539,0.81167945,0.81167945,1
ASV544,ASV539,1,1,1
ASV549,ASV539,0.927633657,0.927633657,1
ASV2481,ASV539,0.885714286,0.885714286,1
ASV8491,ASV539,-0.880406274,0.880406274,-1
ASV65,ASV533,-0.882352941,0.882352941,-1
ASV507,ASV533,-0.924061655,0.924061655,-1
ASV7887,ASV533,0.857492926,0.857492926,1
ASV75,ASV533,-0.83165549,0.83165549,-1
ASV509,ASV695,-0.823193209,0.823193209,-1
ASV58,ASV695,0.857492926,0.857492926,1
ASV82,ASV695,-0.83165549,0.83165549,-1
ASV2623,ASV1217,0.941123948,0.941123948,1
ASV7477,ASV1217,0.927633657,0.927633657,1
ASV8512,ASV1217,0.880406274,0.880406274,1
ASV134,ASV1217,0.840668002,0.840668002,1
ASV7887,ASV1583,0.845154255,0.845154255,1
ASV134,ASV1583,0.840668002,0.840668002,1
ASV58,ASV1583,-0.845154255,0.845154255,-1
ASV417,ASV1583,-0.941123948,0.941123948,-1
ASV514,ASV65,0.81167945,0.81167945,1
ASV2482,ASV65,0.895622151,0.895622151,1
ASV507,ASV65,0.954863711,0.954863711,1
ASV587,ASV65,0.927633657,0.927633657,1
ASV513,ASV65,0.840668002,0.840668002,1
ASV713,ASV65,0.840668002,0.840668002,1
ASV75,ASV65,0.8932596,0.8932596,1
ASV544,ASV65,0.898645105,0.898645105,1
ASV524,ASV65,0.941176471,0.941176471,1
ASV2481,ASV65,0.927633657,0.927633657,1
ASV8491,ASV65,-0.924061655,0.924061655,-1
ASV9000,ASV514,0.941123948,0.941123948,1
ASV2482,ASV514,0.971008312,0.971008312,1
ASV9001,ASV514,0.941123948,0.941123948,1
ASV587,ASV514,0.942857143,0.942857143,1
ASV513,ASV514,0.828571429,0.828571429,1
ASV713,ASV514,0.828571429,0.828571429,1
ASV75,ASV514,0.8196886,0.8196886,1
ASV2450,ASV514,0.941123948,0.941123948,1
ASV9002,ASV514,0.845154255,0.845154255,1
ASV2481,ASV514,0.942857143,0.942857143,1
ASV2445,ASV514,0.845154255,0.845154255,1
ASV8491,ASV514,-0.8196886,0.8196886,-1
ASV9004,ASV514,0.941123948,0.941123948,1
ASV82,ASV514,0.880406274,0.880406274,1
ASV587,ASV535,0.828571429,0.828571429,1
ASV631,ASV535,0.869656553,0.869656553,1
ASV513,ASV535,0.942857143,0.942857143,1
ASV713,ASV535,0.942857143,0.942857143,1
ASV75,ASV535,0.8196886,0.8196886,1
ASV993,ASV535,0.869656553,0.869656553,1
ASV544,ASV535,0.828571429,0.828571429,1
ASV549,ASV535,0.927633657,0.927633657,1
ASV9002,ASV535,0.845154255,0.845154255,1
ASV2481,ASV535,0.828571429,0.828571429,1
ASV2445,ASV535,0.845154255,0.845154255,1
ASV2482,ASV9000,0.906692829,0.906692829,1
ASV9001,ASV9000,1,1,1
ASV587,ASV9000,0.8196886,0.8196886,1
ASV2450,ASV9000,1,1,1
ASV9002,ASV9000,0.89802651,0.89802651,1
ASV2481,ASV9000,0.8196886,0.8196886,1
ASV2445,ASV9000,0.89802651,0.89802651,1
ASV9004,ASV9000,1,1,1
ASV82,ASV9000,0.935483871,0.935483871,1
ASV544,ASV1350,0.869656553,0.869656553,1
ASV9001,ASV2482,0.906692829,0.906692829,1
ASV507,ASV2482,0.812897019,0.812897019,1
ASV587,ASV2482,0.971008312,0.971008312,1
ASV513,ASV2482,0.853310335,0.853310335,1
ASV713,ASV2482,0.853310335,0.853310335,1
ASV75,ASV2482,0.906692829,0.906692829,1
ASV2450,ASV2482,0.906692829,0.906692829,1
ASV9002,ASV2482,0.87038828,0.87038828,1
ASV2481,ASV2482,0.971008312,0.971008312,1
ASV2445,ASV2482,0.87038828,0.87038828,1
ASV8491,ASV2482,-0.875427559,0.875427559,-1
ASV9004,ASV2482,0.906692829,0.906692829,1
ASV82,ASV2482,0.844162289,0.844162289,1
ASV509,ASV598,0.826184389,0.826184389,1
ASV1527,ASV528,0.857492926,0.857492926,1
ASV9003,ASV528,-0.924061655,0.924061655,-1
ASV587,ASV9001,0.8196886,0.8196886,1
ASV2450,ASV9001,1,1,1
ASV9002,ASV9001,0.89802651,0.89802651,1
ASV2481,ASV9001,0.8196886,0.8196886,1
ASV2445,ASV9001,0.89802651,0.89802651,1
ASV9004,ASV9001,1,1,1
ASV82,ASV9001,0.935483871,0.935483871,1
ASV9721,ASV1223,1,1,1
ASV9722,ASV1223,1,1,1
ASV1172,ASV814,0.941123948,0.941123948,1
ASV2499,ASV814,0.845154255,0.845154255,1
ASV587,ASV507,0.880406274,0.880406274,1
ASV513,ASV507,0.880406274,0.880406274,1
ASV713,ASV507,0.880406274,0.880406274,1
ASV75,ASV507,0.935483871,0.935483871,1
ASV544,ASV507,0.941123948,0.941123948,1
ASV524,ASV507,0.83165549,0.83165549,1
ASV549,ASV507,0.8932596,0.8932596,1
ASV2481,ASV507,0.880406274,0.880406274,1
ASV8491,ASV507,-0.870967742,0.870967742,-1
ASV2499,ASV1172,0.89802651,0.89802651,1
ASV67,ASV1172,0.826184389,0.826184389,1
ASV631,ASV587,0.840668002,0.840668002,1
ASV513,ASV587,0.942857143,0.942857143,1
ASV713,ASV587,0.942857143,0.942857143,1
ASV75,ASV587,0.941123948,0.941123948,1
ASV993,ASV587,0.840668002,0.840668002,1
ASV544,ASV587,0.885714286,0.885714286,1
ASV524,ASV587,0.81167945,0.81167945,1
ASV549,ASV587,0.898645105,0.898645105,1
ASV2450,ASV587,0.8196886,0.8196886,1
ASV9002,ASV587,0.845154255,0.845154255,1
ASV2481,ASV587,1,1,1
ASV2445,ASV587,0.845154255,0.845154255,1
ASV8491,ASV587,-0.941123948,0.941123948,-1
ASV9004,ASV587,0.8196886,0.8196886,1
ASV513,ASV631,0.927633657,0.927633657,1
ASV713,ASV631,0.927633657,0.927633657,1
ASV75,ASV631,0.8932596,0.8932596,1
ASV993,ASV631,1,1,1
ASV544,ASV631,0.81167945,0.81167945,1
ASV549,ASV631,0.941176471,0.941176471,1
ASV2481,ASV631,0.840668002,0.840668002,1
ASV8491,ASV631,-0.83165549,0.83165549,-1
ASV713,ASV513,1,1,1
ASV75,ASV513,0.941123948,0.941123948,1
ASV993,ASV513,0.927633657,0.927633657,1
ASV544,ASV513,0.942857143,0.942857143,1
ASV549,ASV513,0.985610761,0.985610761,1
ASV9002,ASV513,0.845154255,0.845154255,1
ASV2481,ASV513,0.942857143,0.942857143,1
ASV2445,ASV513,0.845154255,0.845154255,1
ASV8491,ASV513,-0.880406274,0.880406274,-1
ASV7477,ASV2623,0.8932596,0.8932596,1
ASV8512,ASV2623,0.935483871,0.935483871,1
ASV134,ASV2623,0.8932596,0.8932596,1
ASV417,ASV2623,-0.870967742,0.870967742,-1
ASV1260,ASV3991,1,1,1
ASV6155,ASV3991,1,1,1
ASV8489,ASV3991,1,1,1
ASV75,ASV713,0.941123948,0.941123948,1
ASV993,ASV713,0.927633657,0.927633657,1
ASV544,ASV713,0.942857143,0.942857143,1
ASV549,ASV713,0.985610761,0.985610761,1
ASV9002,ASV713,0.845154255,0.845154255,1
ASV2481,ASV713,0.942857143,0.942857143,1
ASV2445,ASV713,0.845154255,0.845154255,1
ASV8491,ASV713,-0.880406274,0.880406274,-1
ASV134,ASV7477,0.867647059,0.867647059,1
ASV6155,ASV1260,1,1,1
ASV8489,ASV1260,1,1,1
ASV492,ASV484,1,1,1
ASV993,ASV75,0.8932596,0.8932596,1
ASV544,ASV75,0.880406274,0.880406274,1
ASV549,ASV75,0.954863711,0.954863711,1
ASV9002,ASV75,0.89802651,0.89802651,1
ASV2481,ASV75,0.941123948,0.941123948,1
ASV2445,ASV75,0.89802651,0.89802651,1
ASV8491,ASV75,-0.870967742,0.870967742,-1
ASV544,ASV993,0.81167945,0.81167945,1
ASV549,ASV993,0.941176471,0.941176471,1
ASV2481,ASV993,0.840668002,0.840668002,1
ASV8491,ASV993,-0.83165549,0.83165549,-1
ASV549,ASV544,0.927633657,0.927633657,1
ASV2481,ASV544,0.885714286,0.885714286,1
ASV8491,ASV544,-0.880406274,0.880406274,-1
ASV2582,ASV524,0.898645105,0.898645105,1
ASV2481,ASV524,0.81167945,0.81167945,1
ASV9002,ASV549,0.857492926,0.857492926,1
ASV2481,ASV549,0.898645105,0.898645105,1
ASV2445,ASV549,0.857492926,0.857492926,1
ASV8491,ASV549,-0.83165549,0.83165549,-1
ASV8488,ASV1779,0.92,0.92,1
ASV9002,ASV2450,0.89802651,0.89802651,1
ASV2481,ASV2450,0.8196886,0.8196886,1
ASV2445,ASV2450,0.89802651,0.89802651,1
ASV9004,ASV2450,1,1,1
ASV82,ASV2450,0.935483871,0.935483871,1
ASV134,ASV1527,-0.823193209,0.823193209,-1
ASV2481,ASV9002,0.845154255,0.845154255,1
ASV2445,ASV9002,1,1,1
ASV9004,ASV9002,0.89802651,0.89802651,1
ASV82,ASV9002,0.826184389,0.826184389,1
ASV2445,ASV2481,0.845154255,0.845154255,1
ASV8491,ASV2481,-0.941123948,0.941123948,-1
ASV9004,ASV2481,0.8196886,0.8196886,1
ASV6475,ASV2499,0.89802651,0.89802651,1
ASV67,ASV2499,0.92,0.92,1
ASV8489,ASV6155,1,1,1
ASV9003,ASV6475,-0.870967742,0.870967742,-1
ASV67,ASV6475,0.826184389,0.826184389,1
ASV417,ASV8512,-0.870967742,0.870967742,-1
ASV417,ASV134,-0.83165549,0.83165549,-1
ASV508,ASV5571,1,1,1
ASV627,ASV5571,1,1,1
ASV8142,ASV5571,1,1,1
ASV9004,ASV2445,0.89802651,0.89802651,1
ASV82,ASV2445,0.826184389,0.826184389,1
ASV9722,ASV9721,1,1,1
ASV82,ASV9004,0.935483871,0.935483871,1
ASV417,ASV58,0.89802651,0.89802651,1
ASV627,ASV508,1,1,1
ASV8142,ASV508,1,1,1
ASV8142,ASV627,1,1,1
